{"$schema":"http://schema.management.azure.com/schemas/2015-01-01/deploymentTemplate.json#","contentVersion":"1.0.0.0","parameters":{"factoryName":{"type":"string","metadata":"Data Factory name"},"AzureSqlDatabase1":{"type":"string"},"RestService1":{"type":"string"},"AzureDataLakeStorage1":{"type":"string"},"HttpServer1":{"type":"string"}},"variables":{"factoryId":"[concat('Microsoft.DataFactory/factories/', parameters('factoryName'))]"},"resources":[{"name":"[concat(parameters('factoryName'), '/PLN_ProcessWebAPIData')]","type":"Microsoft.DataFactory/factories/pipelines","apiVersion":"2018-06-01","properties":{"activities":[{"name":"ACT_LKP_GetDataSourceList_JSON","type":"Lookup","dependsOn":[{"activity":"ACT_SetVal_StartDate","dependencyConditions":["Succeeded"]},{"activity":"ACT_ScheduleType_SET","dependencyConditions":["Succeeded"]}],"policy":{"timeout":"7.00:00:00","retry":0,"retryIntervalInSeconds":30,"secureOutput":false,"secureInput":false},"userProperties":[],"typeProperties":{"source":{"type":"AzureSqlSource","sqlReaderStoredProcedureName":{"value":"dbo.spGetDataSourceList","type":"Expression"},"storedProcedureParameters":{"Type":{"type":"String","value":"JSON"},"ScheduleType":{"value":{"value":"@variables('varScheduleType')","type":"Expression"}}},"queryTimeout":"02:00:00","partitionOption":"None"},"dataset":{"referenceName":"DS_GetDataSoureInfo_SQL","type":"DatasetReference","parameters":{}},"firstRowOnly":false}},{"name":"ACT_FEACH_LoadData_JSON","type":"ForEach","dependsOn":[{"activity":"ACT_LKP_GetDataSourceList_JSON","dependencyConditions":["Succeeded"]}],"userProperties":[],"typeProperties":{"items":{"value":"@activity('ACT_LKP_GetDataSourceList_JSON').output.value","type":"Expression"},"activities":[{"name":"ACT_CPY_LoadJsonData","type":"Copy","dependsOn":[{"activity":"ACT_WEB_GetAuthToken","dependencyConditions":["Succeeded"]}],"policy":{"timeout":"7.00:00:00","retry":0,"retryIntervalInSeconds":30,"secureOutput":false,"secureInput":false},"userProperties":[],"typeProperties":{"source":{"type":"RestSource","httpRequestTimeout":"00:06:00","requestInterval":"00.00:00:00.010","requestMethod":"GET","additionalHeaders":{"Authorization":{"value":"@activity('ACT_WEB_GetAuthToken').output.value","type":"Expression"},"Content-Type":"application/json","User-Agent":{"value":"@item().APIHeader1","type":"Expression"}}},"sink":{"type":"JsonSink","storeSettings":{"type":"AzureBlobFSWriteSettings"},"formatSettings":{"type":"JsonWriteSettings","filePattern":"arrayOfObjects"}},"enableStaging":false},"inputs":[{"referenceName":"DS_GetAPIData_REST","type":"DatasetReference","parameters":{"RelativeUrl":{"value":"@if(equals(variables('varScheduleType'),'Daily'),replace(replace(item().RelativeUrl,'<startDate>',variables('varStartDate')),'<stopDate>',variables('varStopDate')),replace(replace(item().RelativeUrl,'<startDate>',concat(variables('varStartTimer'),' ',variables('varStartTime'))),'<stopDate>',concat(variables('varStopTimer'),' ',variables('varEndTime'))))","type":"Expression"},"BaseUrl":{"value":"@item().BaseUrl","type":"Expression"}}}],"outputs":[{"referenceName":"DS_TargetDataStore_DLS","type":"DatasetReference","parameters":{"TargetLocation":{"value":"@item().TargetLocation","type":"Expression"},"TargetValue":{"value":"@if(equals(variables('varScheduleType'),'Daily'),concat(item().TargetVal,'_',variables('varStartDate'),'.json'),concat(item().TargetVal,'_',variables('varStopTimer'),'_',substring(variables('varEndTime'),0,2),'.json'))","type":"Expression"},"SubDirectoryPath":{"value":"@if(equals(variables('varScheduleType'),'Daily'),concat(substring(variables('varStartDate'),0,4),'/',substring(variables('varStartDate'),5,2)),concat(substring(variables('varStopTimer'),0,4),'/',substring(variables('varStopTimer'),5,2),'/',substring(variables('varStopTimer'),8,2)))","type":"Expression"}}}]},{"name":"ACT_WEB_GetAuthToken","type":"WebActivity","dependsOn":[],"policy":{"timeout":"7.00:00:00","retry":0,"retryIntervalInSeconds":30,"secureOutput":false,"secureInput":false},"userProperties":[],"typeProperties":{"url":{"value":"@concat(pipeline().globalParameters.KeyVaultURL,'secrets/',item().AccessToken)","type":"Expression"},"method":"GET","headers":{},"authentication":{"type":"MSI","resource":"https://vault.azure.net"}}}]}},{"name":"ACT_SetVal_StartDate","type":"SetVariable","dependsOn":[{"activity":"ACT_PipeLineRunTime_SET","dependencyConditions":["Succeeded"]}],"userProperties":[],"typeProperties":{"variableName":"varStartDate","value":{"value":"@formatDateTime(adddays(utcnow(),-1),'yyyy-MM-dd')","type":"Expression"}}},{"name":"ACT_LKP_GetDataSourceList_XML","type":"Lookup","dependsOn":[{"activity":"ACT_SetVal_StartDate","dependencyConditions":["Succeeded"]}],"policy":{"timeout":"7.00:00:00","retry":0,"retryIntervalInSeconds":30,"secureOutput":false,"secureInput":false},"userProperties":[],"typeProperties":{"source":{"type":"AzureSqlSource","sqlReaderStoredProcedureName":{"value":"dbo.spGetDataSourceList","type":"Expression"},"storedProcedureParameters":{"Type":{"type":"String","value":"XML"},"ScheduleType":{"value":{"value":"@variables('varScheduleType')","type":"Expression"}}},"queryTimeout":"02:00:00","partitionOption":"None"},"dataset":{"referenceName":"DS_GetDataSoureInfo_SQL","type":"DatasetReference","parameters":{}},"firstRowOnly":false}},{"name":"ACT_FEACH_LoadData_XML","type":"ForEach","dependsOn":[{"activity":"ACT_LKP_GetDataSourceList_XML","dependencyConditions":["Succeeded"]}],"userProperties":[],"typeProperties":{"items":{"value":"@activity('ACT_LKP_GetDataSourceList_XML').output.value","type":"Expression"},"activities":[{"name":"ACT_CPY_LoadXMLData","type":"Copy","dependsOn":[],"policy":{"timeout":"7.00:00:00","retry":0,"retryIntervalInSeconds":30,"secureOutput":false,"secureInput":false},"userProperties":[],"typeProperties":{"source":{"type":"BinarySource","storeSettings":{"type":"HttpReadSettings","requestMethod":"POST","requestBody":"<soapenv:Envelope xmlns:soapenv=\"http://schemas.xmlsoap.org/soap/envelope/\" xmlns:ser=\"http://services.ws.thetradenet.com/\">\n<soapenv:Header/>\n<soapenv:Body>\n<ser:getStsOperations>\n<StsOperationsRequest>\n<username>webservice@bunker-holding.com</username>\n<password>bh789</password>\n<excelCompliant>0</excelCompliant>\n</StsOperationsRequest>\n</ser:getStsOperations>\n</soapenv:Body>\n</soapenv:Envelope>","requestTimeout":""},"formatSettings":{"type":"BinaryReadSettings"}},"sink":{"type":"BinarySink","storeSettings":{"type":"AzureBlobFSWriteSettings"}},"enableStaging":false},"inputs":[{"referenceName":"DS_GetAPIData_BLOB","type":"DatasetReference","parameters":{"BaseUrl":{"value":"@item().BaseUrl","type":"Expression"},"RelativeUrl":{"value":"@item().RelativeUrl","type":"Expression"}}}],"outputs":[{"referenceName":"DS_TargetDataStore_BLOB","type":"DatasetReference","parameters":{"TargetBlobFolder":{"value":"@item().TargetLocation","type":"Expression"},"TargetBlobFile":{"value":"@concat(item().TargetVal,'_',variables('varStartDate'),'.xml')","type":"Expression"},"SubDirectoryPath":{"value":"@concat(substring(variables('varStartDate'),0,4),'/',substring(variables('varStartDate'),5,2))","type":"Expression"}}}]}]}},{"name":"ACT_PipeLineRunTime_SET","type":"SetVariable","dependsOn":[],"userProperties":[],"typeProperties":{"variableName":"varPipeLineRunTime","value":{"value":"@formatDateTime(utcnow(), 'yyyyMMddHHmmss')","type":"Expression"}}},{"name":"ACT_ScheduleType_SET","type":"SetVariable","dependsOn":[],"userProperties":[],"typeProperties":{"variableName":"varScheduleType","value":{"value":"@substring(pipeline().TriggerName,add(lastindexof(pipeline().TriggerName,'_'),1),sub(length(pipeline().TriggerName) ,add(lastindexof(pipeline().TriggerName,'_'),1)))","type":"Expression"}}}],"policy":{"elapsedTimeMetric":{},"cancelAfter":{}},"variables":{"varStartDate":{"type":"String"},"varStopDate":{"type":"String"},"varPipeLineRunTime":{"type":"String"},"varErrorMessage":{"type":"String","defaultValue":"Error Occured"},"varSourcePath":{"type":"String"},"varTargetPath":{"type":"String"},"varSendGridKey":{"type":"String"},"varScheduleType":{"type":"String"},"varStartTimer":{"type":"String"},"varStopTimer":{"type":"String"},"varStartTime":{"type":"String"},"varEndTime":{"type":"String"}},"folder":{"name":"WebAPI"},"annotations":[],"lastPublishTime":"2021-07-14T20:13:41Z"},"dependsOn":["[concat(variables('factoryId'), '/datasets/DS_GetDataSoureInfo_SQL')]","[concat(variables('factoryId'), '/datasets/DS_GetAPIData_REST')]","[concat(variables('factoryId'), '/datasets/DS_TargetDataStore_DLS')]","[concat(variables('factoryId'), '/datasets/DS_GetAPIData_BLOB')]","[concat(variables('factoryId'), '/datasets/DS_TargetDataStore_BLOB')]"]},{"name":"[concat(parameters('factoryName'), '/DS_GetDataSoureInfo_SQL')]","type":"Microsoft.DataFactory/factories/datasets","apiVersion":"2018-06-01","properties":{"linkedServiceName":{"referenceName":"[parameters('AzureSqlDatabase1')]","type":"LinkedServiceReference"},"annotations":[],"type":"AzureSqlTable","schema":[],"typeProperties":{}},"dependsOn":[]},{"name":"[concat(parameters('factoryName'), '/DS_GetAPIData_REST')]","type":"Microsoft.DataFactory/factories/datasets","apiVersion":"2018-06-01","properties":{"linkedServiceName":{"referenceName":"[parameters('RestService1')]","type":"LinkedServiceReference"},"parameters":{"RelativeUrl":{"type":"string"},"BaseUrl":{"type":"String"}},"annotations":[],"type":"RestResource","typeProperties":{"relativeUrl":{"value":"@dataset().RelativeUrl","type":"Expression"}},"schema":[]},"dependsOn":[]},{"name":"[concat(parameters('factoryName'), '/DS_TargetDataStore_DLS')]","type":"Microsoft.DataFactory/factories/datasets","apiVersion":"2018-06-01","properties":{"linkedServiceName":{"referenceName":"[parameters('AzureDataLakeStorage1')]","type":"LinkedServiceReference"},"parameters":{"TargetLocation":{"type":"String"},"TargetValue":{"type":"String"},"SubDirectoryPath":{"type":"String"}},"annotations":[],"type":"Json","typeProperties":{"location":{"type":"AzureBlobFSLocation","fileName":{"value":"@dataset().TargetValue","type":"Expression"},"folderPath":{"value":"@dataset().SubDirectoryPath","type":"Expression"},"fileSystem":{"value":"@dataset().TargetLocation","type":"Expression"}}},"schema":{}},"dependsOn":[]},{"name":"[concat(parameters('factoryName'), '/DS_GetAPIData_BLOB')]","type":"Microsoft.DataFactory/factories/datasets","apiVersion":"2018-06-01","properties":{"linkedServiceName":{"referenceName":"[parameters('HttpServer1')]","type":"LinkedServiceReference"},"parameters":{"BaseUrl":{"type":"string"},"RelativeUrl":{"type":"string"}},"annotations":[],"type":"Binary","typeProperties":{"location":{"type":"HttpServerLocation","relativeUrl":{"value":"@dataset().RelativeUrl","type":"Expression"}}}},"dependsOn":[]},{"name":"[concat(parameters('factoryName'), '/DS_TargetDataStore_BLOB')]","type":"Microsoft.DataFactory/factories/datasets","apiVersion":"2018-06-01","properties":{"linkedServiceName":{"referenceName":"[parameters('AzureDataLakeStorage1')]","type":"LinkedServiceReference"},"parameters":{"TargetBlobFolder":{"type":"String","defaultValue":"Kyriba"},"TargetBlobFile":{"type":"String","defaultValue":"test.txt"},"SubDirectoryPath":{"type":"String"}},"annotations":[],"type":"Binary","typeProperties":{"location":{"type":"AzureBlobFSLocation","fileName":{"value":"@dataset().TargetBlobFile","type":"Expression"},"folderPath":{"value":"@dataset().SubDirectoryPath","type":"Expression"},"fileSystem":{"value":"@dataset().TargetBlobFolder","type":"Expression"}}}},"dependsOn":[]}]}